id,slug,name,city,district,query,oldLatitude,oldLongitude,oldCoordinateSource,newLatitude,newLongitude,newCoordinateSource,formattedAddress,resultType,confidence,status,errorCode,errorMessage
13104228-1c0c-496b-82b9-5dea1d1e2b7b,adalar,Adalar,İstanbul,Adalar,"Adalar, İstanbul, Türkiye",,,,40.8763772,29.095444,Google Maps (otomatik),"Adalar/İstanbul, Türkiye",APPROXIMATE,LOWER_PRECISION,UPDATED,,
d20d199e-3f81-41b6-a8a5-7d77fb49adf0,il-adana,Adana,Adana,,"Adana, Türkiye",,,,36.9914194,35.3308285,Google Maps (otomatik),"Adana, Reşatbey, Seyhan/Adana, Türkiye",APPROXIMATE,LOWER_PRECISION,UPDATED,,
9be60135-22c8-454c-a871-9abf1efc12b6,il-adiyaman,Adıyaman,Adıyaman,,"Adıyaman, Türkiye",,,,37.76365,38.2772592,Google Maps (otomatik),"Adıyaman, Adıyaman Merkez/Adıyaman, Türkiye",APPROXIMATE,LOWER_PRECISION,UPDATED,,
f9e1a356-5df9-40a9-b2a7-6a222fca51ec,il-afyonkarahisar,Afyonkarahisar,Afyonkarahisar,,"Afyonkarahisar, Türkiye",,,,38.7568852,30.5387038,Google Maps (otomatik),"Afyonkarahisar, Afyonkarahisar Merkez/Afyonkarahisar, Türkiye",APPROXIMATE,LOWER_PRECISION,UPDATED,,
3efa426e-798e-422f-abac-6d45243f6cc5,il-aksaray,Aksaray,Aksaray,,"Aksaray, Türkiye",,,,38.368626,34.0297,Google Maps (otomatik),"Aksaray, Aksaray Merkez/Aksaray, Türkiye",APPROXIMATE,LOWER_PRECISION,UPDATED,,
5db44657-1d4c-4663-b3b2-030b16ad6ea0,il-amasya,Amasya,Amasya,,"Amasya, Türkiye",,,,40.656455,35.837347,Google Maps (otomatik),"Amasya, Amasya Merkez/Amasya, Türkiye",APPROXIMATE,LOWER_PRECISION,UPDATED,,
20b7d22d-7d7a-4c18-9800-da2a57e9fd4b,il-ankara,Ankara,Ankara,,"Ankara, Türkiye",,,,39.9333635,32.8597419,Google Maps (otomatik),"Ankara, Türkiye",APPROXIMATE,LOWER_PRECISION,UPDATED,,
d52efd5f-f97d-4752-b610-cd18200b85ea,il-antalya,Antalya,Antalya,,"Antalya, Türkiye",,,,36.8968908,30.7133233,Google Maps (otomatik),"Antalya, Türkiye",APPROXIMATE,LOWER_PRECISION,UPDATED,,
9a4dc32d-b83d-4b7d-b81c-620fb743157a,il-ardahan,Ardahan,Ardahan,,"Ardahan, Türkiye",,,,41.11295,42.70227999999999,Google Maps (otomatik),"Ardahan, Ardahan Merkez/Ardahan, Türkiye",APPROXIMATE,LOWER_PRECISION,UPDATED,,
594eb7bb-df98-4947-a0b7-5343d9e8e4a2,arnavutkoy,Arnavutköy,İstanbul,Arnavutköy,"Arnavutköy, İstanbul, Türkiye",,,,41.2131248,28.7198004,Google Maps (otomatik),"Arnavutköy/İstanbul, Türkiye",APPROXIMATE,LOWER_PRECISION,UPDATED,,
793b44b3-e9a9-4fa0-b781-e1503c193019,il-artvin,Artvin,Artvin,,"Artvin, Türkiye",,,,41.180937,41.820819,Google Maps (otomatik),"Artvin, Artvin Merkez/Artvin, Türkiye",APPROXIMATE,LOWER_PRECISION,UPDATED,,
0731cfc4-7135-45e8-92a6-2d924a3f27e8,atasehir,Ataşehir,İstanbul,Ataşehir,"Ataşehir, İstanbul, Türkiye",,,,40.9874178,29.1216176,Google Maps (otomatik),"Ataşehir/İstanbul, Türkiye",APPROXIMATE,LOWER_PRECISION,UPDATED,,
0a9d4cd6-95e3-4018-b78e-76e4649eb1d3,avcilar,Avcılar,İstanbul,Avcılar,"Avcılar, İstanbul, Türkiye",,,,41.01534789999999,28.7314618,Google Maps (otomatik),"Avcılar/İstanbul, Türkiye",APPROXIMATE,LOWER_PRECISION,UPDATED,,
32a3dc22-ec21-4359-8221-c6958411f4bf,ayasofya,Ayasofya,İstanbul,Fatih,"Ayasofya, Fatih, İstanbul, Türkiye",,,,41.008583,28.980175,Google Maps (otomatik),"Sultan Ahmet, Ayasofya Meydanı No:1, 34122 Fatih/İstanbul, Türkiye",ROOFTOP,HIGH,UPDATED,,
ec5e59e7-3351-47c7-9d20-93aaac7b22b9,il-aydin,Aydın,Aydın,,"Aydın, Türkiye",,,,37.8380162,27.8455601,Google Maps (otomatik),"Aydın, Efeler/Aydın, Türkiye",APPROXIMATE,LOWER_PRECISION,UPDATED,,
e15b06d2-5e1d-4993-ae62-35fbe1aee98a,il-agri,Ağrı,Ağrı,,"Ağrı, Türkiye",,,,39.719074,43.050591,Google Maps (otomatik),"Ağrı, Ağrı Merkez/Ağrı, Türkiye",APPROXIMATE,LOWER_PRECISION,UPDATED,,
452cec94-e779-4d2d-a8cd-73120192185b,bahcelievler,Bahçelievler,İstanbul,Bahçelievler,"Bahçelievler, İstanbul, Türkiye",,,,41.008545,28.82472199999999,Google Maps (otomatik),"Bahçelievler/İstanbul, Türkiye",APPROXIMATE,LOWER_PRECISION,UPDATED,,
63d96452-9509-436b-9d58-80713f57eeeb,bakirkoy,Bakırköy,İstanbul,Bakırköy,"Bakırköy, İstanbul, Türkiye",,,,40.9714189,28.82472199999999,Google Maps (otomatik),"Bakırköy/İstanbul, Türkiye",APPROXIMATE,LOWER_PRECISION,UPDATED,,
1d7d14f7-08c5-4f55-b646-af8625269441,il-balikesir,Balıkesir,Balıkesir,,"Balıkesir, Türkiye",,,,39.65329759999999,27.8903423,Google Maps (otomatik),"Balıkesir, Türkiye",APPROXIMATE,LOWER_PRECISION,UPDATED,,
e99b5673-c735-4b4a-97ee-2b66f182a172,il-bartin,Bartın,Bartın,,"Bartın, Türkiye",,,,41.637602,32.333811,Google Maps (otomatik),"Bartın, Bartın Merkez/Bartın, Türkiye",APPROXIMATE,LOWER_PRECISION,UPDATED,,
f55abf04-0f16-44e6-8959-2fcac30bbfc0,il-batman,Batman,Batman,,"Batman, Türkiye",,,,37.8895167,41.1292832,Google Maps (otomatik),"Batman, Batman Merkez/Batman, Türkiye",APPROXIMATE,LOWER_PRECISION,UPDATED,,
53d9feb4-d17e-4b31-9d2a-cdf8a13a7c4c,il-bayburt,Bayburt,Bayburt,,"Bayburt, Türkiye",,,,40.26032,40.228048,Google Maps (otomatik),"Bayburt, Bayburt Merkez/Bayburt, Türkiye",APPROXIMATE,LOWER_PRECISION,UPDATED,,
37107fe8-f588-4a30-9cd9-36cb99f36d3a,bayrampasa,Bayrampaşa,İstanbul,Bayrampaşa,"Bayrampaşa, İstanbul, Türkiye",,,,41.0481503,28.90045529999999,Google Maps (otomatik),"Bayrampaşa/İstanbul, Türkiye",APPROXIMATE,LOWER_PRECISION,UPDATED,,
9f9f4251-9764-44b6-be3b-58ed215feb50,bagcilar,Bağcılar,İstanbul,Bağcılar,"Bağcılar, İstanbul, Türkiye",,,,41.0456474,28.82472199999999,Google Maps (otomatik),"Bağcılar/İstanbul, Türkiye",APPROXIMATE,LOWER_PRECISION,UPDATED,,
45abdc8f-2f80-4d0f-9789-9203256921de,basaksehir,Başakşehir,İstanbul,Başakşehir,"Başakşehir, İstanbul, Türkiye",,,,41.0952059,28.7932517,Google Maps (otomatik),"Başakşehir, Başak, 34490 Başakşehir/İstanbul, Türkiye",APPROXIMATE,LOWER_PRECISION,UPDATED,,
68e4a1c2-ebc4-4d08-994e-8b5dc2345bff,beykoz,Beykoz,İstanbul,Beykoz,"Beykoz, İstanbul, Türkiye",,,,41.1429436,29.1782018,Google Maps (otomatik),"Beykoz/İstanbul, Türkiye",APPROXIMATE,LOWER_PRECISION,UPDATED,,
6e4e42ad-3e23-49f7-91a7-3503f3cd2933,beylikduzu,Beylikdüzü,İstanbul,Beylikdüzü,"Beylikdüzü, İstanbul, Türkiye",,,,40.9910381,28.6498144,Google Maps (otomatik),"Beylikdüzü/İstanbul, Türkiye",APPROXIMATE,LOWER_PRECISION,UPDATED,,
2fc0d52f-227d-4b36-81a9-cf04089013c7,beyoglu,Beyoğlu,İstanbul,Beyoğlu,"Beyoğlu, İstanbul, Türkiye",,,,41.0382864,28.9703304,Google Maps (otomatik),"Beyoğlu/İstanbul, Türkiye",APPROXIMATE,LOWER_PRECISION,UPDATED,,
f7005b39-8d95-4d80-a46f-935ed1d0c4d8,besiktas,Beşiktaş,İstanbul,Beşiktaş,"Beşiktaş, İstanbul, Türkiye",,,,41.068616,29.0285355,Google Maps (otomatik),"Beşiktaş/İstanbul, Türkiye",APPROXIMATE,LOWER_PRECISION,UPDATED,,
9515b083-c8d4-447a-9276-efc4d346eb0c,il-bilecik,Bilecik,Bilecik,,"Bilecik, Türkiye",,,,40.142573,29.97933,Google Maps (otomatik),"Bilecik, Bilecik Merkez/Bilecik, Türkiye",APPROXIMATE,LOWER_PRECISION,UPDATED,,
6ea88155-7e32-46da-a9d3-a80a55af9cdc,il-bingol,Bingöl,Bingöl,,"Bingöl, Türkiye",,,,38.885464,40.496625,Google Maps (otomatik),"Bingöl, Türkiye",APPROXIMATE,LOWER_PRECISION,UPDATED,,
aa7cad5d-bfa1-4e42-804f-21866557fdc5,il-bitlis,Bitlis,Bitlis,,"Bitlis, Türkiye",,,,38.400569,42.109502,Google Maps (otomatik),"Bitlis, Bitlis Merkez/Bitlis, Türkiye",APPROXIMATE,LOWER_PRECISION,UPDATED,,
8594f497-7985-4cc5-801d-5b2d7c9194e5,il-bolu,Bolu,Bolu,,"Bolu, Türkiye",,,,40.732541,31.608209,Google Maps (otomatik),"Bolu, Bolu Merkez/Bolu, Türkiye",APPROXIMATE,LOWER_PRECISION,UPDATED,,
4ca1e854-436d-45f1-9905-0f65c6cd6b2f,il-burdur,Burdur,Burdur,,"Burdur, Türkiye",,,,37.718336,30.282333,Google Maps (otomatik),"Burdur, Burdur Merkez/Burdur, Türkiye",APPROXIMATE,LOWER_PRECISION,UPDATED,,
9808de1b-1bb3-429e-b819-cda6f73524c6,il-bursa,Bursa,Bursa,,"Bursa, Türkiye",,,,40.1885281,29.0609636,Google Maps (otomatik),"Bursa, Türkiye",APPROXIMATE,LOWER_PRECISION,UPDATED,,
7ad56455-cdf9-44fb-ab4f-4ec8536f56ea,buyukcekmece,Büyükçekmece,İstanbul,Büyükçekmece,"Büyükçekmece, İstanbul, Türkiye",,,,41.0534024,28.5564526,Google Maps (otomatik),"Büyükçekmece/İstanbul, Türkiye",APPROXIMATE,LOWER_PRECISION,UPDATED,,
c12ba9f3-5aff-4f2a-bc97-ec78be5f8348,il-denizli,Denizli,Denizli,,"Denizli, Türkiye",,,,37.7830159,29.0963328,Google Maps (otomatik),"Denizli, Kumkısık, Denizli, Türkiye",APPROXIMATE,LOWER_PRECISION,UPDATED,,
4707c81b-abc2-47d3-b3e3-5f85a0db5d83,il-diyarbakir,Diyarbakır,Diyarbakır,,"Diyarbakır, Türkiye",,,,37.9249733,40.2109826,Google Maps (otomatik),"Diyarbakır, Türkiye",APPROXIMATE,LOWER_PRECISION,UPDATED,,
f8113710-8bba-4d3a-98aa-7823f34be254,dolmabahce-sarayi,Dolmabahçe Sarayı,İstanbul,Beşiktaş,"Dolmabahçe Sarayı, Beşiktaş, İstanbul, Türkiye",,,,41.0391643,29.0004594,Google Maps (otomatik),"Vişnezade, Dolmabahçe Cd., 34357 Beşiktaş/İstanbul, Türkiye",GEOMETRIC_CENTER,LOWER_PRECISION,UPDATED,,
e839f081-98e3-4f5a-a2ae-cf8f7f80fed4,il-duzce,Düzce,Düzce,,"Düzce, Türkiye",,,,40.83872,31.162609,Google Maps (otomatik),"Düzce, Türkiye",APPROXIMATE,LOWER_PRECISION,UPDATED,,
c968a5ed-c036-4bac-9462-a7eb76768b22,il-edirne,Edirne,Edirne,,"Edirne, Türkiye",,,,41.67712969999999,26.5557145,Google Maps (otomatik),"Edirne, Edirne Merkez/Edirne, Türkiye",APPROXIMATE,LOWER_PRECISION,UPDATED,,
ce243c14-dc06-465b-9e62-b96d55482fec,il-elazig,Elazığ,Elazığ,,"Elazığ, Türkiye",,,,38.674816,39.22251500000001,Google Maps (otomatik),"Elâzığ, Elazığ Merkez/Elazığ, Türkiye",APPROXIMATE,LOWER_PRECISION,UPDATED,,
cb481626-1672-4442-a320-ccf3743485c8,il-erzincan,Erzincan,Erzincan,,"Erzincan, Türkiye",,,,39.746797,39.491124,Google Maps (otomatik),"Erzincan, Erzincan Merkez/Erzincan, Türkiye",APPROXIMATE,LOWER_PRECISION,UPDATED,,
97b789c1-8685-488f-a17b-99c201035db4,il-erzurum,Erzurum,Erzurum,,"Erzurum, Türkiye",,,,39.9054993,41.2658236,Google Maps (otomatik),"Erzurum, Türkiye",APPROXIMATE,LOWER_PRECISION,UPDATED,,
319c958b-a5cc-4e6e-a792-4099a2f669dd,esenler,Esenler,İstanbul,Esenler,"Esenler, İstanbul, Türkiye",,,,41.0576987,28.865506,Google Maps (otomatik),"Esenler/İstanbul, Türkiye",APPROXIMATE,LOWER_PRECISION,UPDATED,,
0a4a06f6-3b57-498d-9244-d69bf12e6a70,esenyurt,Esenyurt,İstanbul,Esenyurt,"Esenyurt, İstanbul, Türkiye",,,,41.0343177,28.6614809,Google Maps (otomatik),"Esenyurt/İstanbul, Türkiye",APPROXIMATE,LOWER_PRECISION,UPDATED,,
cb152a06-2889-41a0-a7e3-1bfe2f9e5217,il-eskisehir,Eskişehir,Eskişehir,,"Eskişehir, Türkiye",,,,39.7667061,30.52563109999999,Google Maps (otomatik),"Eskişehir, Türkiye",APPROXIMATE,LOWER_PRECISION,UPDATED,,
e3e03fbd-9a28-4a5b-9098-699104d89eb0,eyupsultan,Eyüpsultan,İstanbul,Eyüpsultan,"Eyüpsultan, İstanbul, Türkiye",,,,41.1871598,28.8829816,Google Maps (otomatik),"Eyüpsultan/İstanbul, Türkiye",APPROXIMATE,LOWER_PRECISION,UPDATED,,
fb40a597-c0e5-4080-9356-0b0a197a43b2,fatih,Fatih,İstanbul,Fatih,"Fatih, İstanbul, Türkiye",,,,41.0168639,28.9470422,Google Maps (otomatik),"Fatih/İstanbul, Türkiye",APPROXIMATE,LOWER_PRECISION,UPDATED,,
3ff53921-9685-4c45-846a-b954a07fdea3,galata-kulesi,Galata Kulesi,İstanbul,Beyoğlu,"Galata Kulesi, Beyoğlu, İstanbul, Türkiye",,,,41.025569,28.9741286,Google Maps (otomatik),"Bereketzade, 34421 Beyoğlu/İstanbul, Türkiye",GEOMETRIC_CENTER,LOWER_PRECISION,UPDATED,,
d28c193c-9153-45df-b9fa-45f6053d39f2,il-gaziantep,Gaziantep,Gaziantep,,"Gaziantep, Türkiye",,,,37.065953,37.37811,Google Maps (otomatik),"Gaziantep, Türkiye",APPROXIMATE,LOWER_PRECISION,UPDATED,,
c3dc564d-10e5-4771-ad94-40416a4b5578,gaziosmanpasa,Gaziosmanpaşa,İstanbul,Gaziosmanpaşa,"Gaziosmanpaşa, İstanbul, Türkiye",,,,41.07594770000001,28.90045529999999,Google Maps (otomatik),"Gaziosmanpaşa/İstanbul, Türkiye",APPROXIMATE,LOWER_PRECISION,UPDATED,,
78bcc580-45b7-43be-958c-2f216015c987,il-giresun,Giresun,Giresun,,"Giresun, Türkiye",,,,40.91753200000001,38.392653,Google Maps (otomatik),"Giresun, Giresun Merkez/Giresun, Türkiye",APPROXIMATE,LOWER_PRECISION,UPDATED,,
064d22a0-afb7-48f2-84a6-5aa78ea30785,il-gumushane,Gümüşhane,Gümüşhane,,"Gümüşhane, Türkiye",,,,40.460825,39.480321,Google Maps (otomatik),"Gümüşhane, Gümüşhane Merkez/Gümüşhane, Türkiye",APPROXIMATE,LOWER_PRECISION,UPDATED,,
d418dd57-79ed-401b-8805-8fe22986b1e4,gungoren,Güngören,İstanbul,Güngören,"Güngören, İstanbul, Türkiye",,,,41.020546,28.874244,Google Maps (otomatik),"Güngören/İstanbul, Türkiye",APPROXIMATE,LOWER_PRECISION,UPDATED,,
29280feb-9dfb-44b8-8526-f2d8ec3b2079,il-hakkari,Hakkari,Hakkari,,"Hakkari, Türkiye",,,,37.577427,43.736782,Google Maps (otomatik),"Hakkâri, Hakkâri Merkez/Hakkari, Türkiye",APPROXIMATE,LOWER_PRECISION,UPDATED,,
2b27b854-222b-4d39-86aa-2eab150b9592,il-hatay,Hatay,Hatay,,"Hatay, Türkiye",,,,36.4018488,36.3498097,Google Maps (otomatik),"Hatay, Türkiye",APPROXIMATE,LOWER_PRECISION,UPDATED,,
d95718f6-08eb-4ef1-8f33-9b7ec5b0255d,il-isparta,Isparta,Isparta,,"Isparta, Türkiye",,,,37.7626487,30.55370499999999,Google Maps (otomatik),"Isparta, Isparta Merkez/Isparta, Türkiye",APPROXIMATE,LOWER_PRECISION,UPDATED,,
de87d7cb-83ec-4b47-b1d1-6c8938fad1b8,il-igdir,Iğdır,Iğdır,,"Iğdır, Türkiye",,,,39.92005959999999,44.0436151,Google Maps (otomatik),"Iğdır, Iğdır Merkez/Iğdır, Türkiye",APPROXIMATE,LOWER_PRECISION,UPDATED,,
ab55f7c7-747b-4961-b218-29c6aca89de2,kadikoy,Kadıköy,İstanbul,Kadıköy,"Kadıköy, İstanbul, Türkiye",,,,40.9818744,29.0576298,Google Maps (otomatik),"Kadıköy/İstanbul, Türkiye",APPROXIMATE,LOWER_PRECISION,UPDATED,,
fd6dfc98-96f6-4656-bf26-2fbe975b051d,il-kahramanmaras,Kahramanmaraş,Kahramanmaraş,,"Kahramanmaraş, Türkiye",,,,37.5752755,36.9228223,Google Maps (otomatik),"Kahramanmaraş, Türkiye",APPROXIMATE,LOWER_PRECISION,UPDATED,,
84e474d4-dc9b-4dbc-8cc8-fe6a3c7e3bb3,kapalicarsi,Kapalıçarşı,İstanbul,Fatih,"Kapalıçarşı, Fatih, İstanbul, Türkiye",,,,41.0106848,28.9680681,Google Maps (otomatik),"Beyazıt, 34126 Fatih/İstanbul, Türkiye",GEOMETRIC_CENTER,LOWER_PRECISION,UPDATED,,
aa7a23d4-bb9a-47c2-9df0-ec5454ae49fe,il-karabuk,Karabük,Karabük,,"Karabük, Türkiye",,,,41.19562,32.622654,Google Maps (otomatik),"Karabük, Karabük Merkez/Karabük, Türkiye",APPROXIMATE,LOWER_PRECISION,UPDATED,,
565aa742-c0d4-4f4b-b07a-ff3e0a2842d6,karakoy,Karaköy,İstanbul,Beyoğlu,"Karaköy, Beyoğlu, İstanbul, Türkiye",,,,41.0238828,28.9769619,Google Maps (otomatik),"Karaköy, Müeyyetzade, Beyoğlu/İstanbul, Türkiye",APPROXIMATE,LOWER_PRECISION,UPDATED,,
9a724d8d-75a5-42a7-8bff-dcce02f82277,il-karaman,Karaman,Karaman,,"Karaman, Türkiye",,,,37.181009,33.22224300000001,Google Maps (otomatik),"Karaman, Karaman Merkez/Karaman, Türkiye",APPROXIMATE,LOWER_PRECISION,UPDATED,,
63578215-4a98-41b1-ac18-b256531a5ce1,il-kars,Kars,Kars,,"Kars, Türkiye",,,,40.6013378,43.0974525,Google Maps (otomatik),"Kars, Kars Merkez/Kars, Türkiye",APPROXIMATE,LOWER_PRECISION,UPDATED,,
df841fb3-b342-4a8d-ae94-45d6e996c32b,kartal,Kartal,İstanbul,Kartal,"Kartal, İstanbul, Türkiye",,,,40.9062892,29.1972048,Google Maps (otomatik),"Kartal/İstanbul, Türkiye",APPROXIMATE,LOWER_PRECISION,UPDATED,,
042294dd-d07b-4b0c-b2e1-67737a9fc6c8,il-kastamonu,Kastamonu,Kastamonu,,"Kastamonu, Türkiye",,,,41.376625,33.776497,Google Maps (otomatik),"Kastamonu, Kastamonu Merkez/Kastamonu, Türkiye",APPROXIMATE,LOWER_PRECISION,UPDATED,,
fae40e61-35ce-4d4d-bdf9-354ab9f766c7,il-kayseri,Kayseri,Kayseri,,"Kayseri, Türkiye",,,,38.720489,35.48259700000001,Google Maps (otomatik),"Kayseri, Türkiye",APPROXIMATE,LOWER_PRECISION,UPDATED,,
fe9e1186-69d9-49a1-b8e4-36d1ffc39802,kagithane,Kağıthane,İstanbul,Kağıthane,"Kağıthane, İstanbul, Türkiye",,,,41.0814028,28.9819731,Google Maps (otomatik),"Kağıthane/İstanbul, Türkiye",APPROXIMATE,LOWER_PRECISION,UPDATED,,
15a30d96-651b-4057-8db9-74eec3eab545,il-kilis,Kilis,Kilis,,"Kilis, Türkiye",,,,36.716477,37.114661,Google Maps (otomatik),"Kilis, Kilis Merkez/Kilis, Türkiye",APPROXIMATE,LOWER_PRECISION,UPDATED,,
ec5330e2-90d7-4c9f-b148-4b02e4b02b4f,il-kocaeli,Kocaeli,Kocaeli,,"Kocaeli, Türkiye",,,,40.7654408,29.9408089,Google Maps (otomatik),"İzmit, Kocaeli, Türkiye",APPROXIMATE,LOWER_PRECISION,UPDATED,,
0bcc4623-52bf-4bb2-bd69-61c7255cd593,il-konya,Konya,Konya,,"Konya, Türkiye",,,,37.8746429,32.4931554,Google Maps (otomatik),"Konya, Türkiye",APPROXIMATE,LOWER_PRECISION,UPDATED,,
a4510346-7f9b-49c7-873a-1fb308915e1d,il-kutahya,Kütahya,Kütahya,,"Kütahya, Türkiye",,,,39.4199547,29.985732,Google Maps (otomatik),"Kütahya, Kütahya Merkez/Kütahya, Türkiye",APPROXIMATE,LOWER_PRECISION,UPDATED,,
46df8f8f-1406-4f6f-967e-9dbf586f6fb9,kucukcekmece,Küçükçekmece,İstanbul,Küçükçekmece,"Küçükçekmece, İstanbul, Türkiye",,,,41.0212376,28.7780987,Google Maps (otomatik),"Küçükçekmece/İstanbul, Türkiye",APPROXIMATE,LOWER_PRECISION,UPDATED,,
90cd5fb5-c18e-4a85-b58e-55f35e5cd4b4,il-kirklareli,Kırklareli,Kırklareli,,"Kırklareli, Türkiye",,,,41.735472,27.224369,Google Maps (otomatik),"Kırklareli, Kırklareli Merkez/Kırklareli, Türkiye",APPROXIMATE,LOWER_PRECISION,UPDATED,,
2339f5e2-d34f-4b01-94b9-499980076e18,il-kirikkale,Kırıkkale,Kırıkkale,,"Kırıkkale, Türkiye",,,,39.8397835,33.5088782,Google Maps (otomatik),"Kırıkkale, Kırıkkale Merkez/Kırıkkale, Türkiye",APPROXIMATE,LOWER_PRECISION,UPDATED,,
46193b8e-a3d7-487f-9d93-5091b53daa4b,il-kirsehir,Kırşehir,Kırşehir,,"Kırşehir, Türkiye",,,,39.146078,34.1594989,Google Maps (otomatik),"Kırşehir, Kırşehir Merkez/Kırşehir, Türkiye",APPROXIMATE,LOWER_PRECISION,UPDATED,,
ee40cb5b-7c55-4983-8d1d-bf0eeebc52ce,il-malatya,Malatya,Malatya,,"Malatya, Türkiye",,,,38.3553627,38.33352470000001,Google Maps (otomatik),"Malatya, Türkiye",APPROXIMATE,LOWER_PRECISION,UPDATED,,
a13f8602-e843-4f34-a1c1-c525ea95fc54,maltepe,Maltepe,İstanbul,Maltepe,"Maltepe, İstanbul, Türkiye",,,,40.9498022,29.1739513,Google Maps (otomatik),"Maltepe/İstanbul, Türkiye",APPROXIMATE,LOWER_PRECISION,UPDATED,,
758fe0d2-9aa1-427a-8b28-232245da772f,il-manisa,Manisa,Manisa,,"Manisa, Türkiye",,,,38.6140337,27.4295624,Google Maps (otomatik),"Manisa, Yunusemre/Manisa, Türkiye",APPROXIMATE,LOWER_PRECISION,UPDATED,,
38a9d82f-5cf5-4fb1-9f35-096a34cfec51,il-mardin,Mardin,Mardin,,"Mardin, Türkiye",,,,37.312903,40.733951,Google Maps (otomatik),"Mardin, Artuklu/Mardin, Türkiye",APPROXIMATE,LOWER_PRECISION,UPDATED,,
efdbd950-8529-4b46-9c20-8e464bcd6660,il-mersin,Mersin,Mersin,,"Mersin, Türkiye",,,,36.8121041,34.6414811,Google Maps (otomatik),"Mersin, Akdeniz/Mersin, Türkiye",APPROXIMATE,LOWER_PRECISION,UPDATED,,
d41a2e56-39a2-42a6-8b00-5777ca75abaa,miniaturk,Miniatürk,İstanbul,Beyoğlu,"Miniatürk, Beyoğlu, İstanbul, Türkiye",,,,41.0589927,28.9492193,Google Maps (otomatik),"Örnektepe, İmrahor Cd. No:7, 34445 Beyoğlu/İstanbul, Türkiye",ROOFTOP,HIGH,UPDATED,,
9a59baa6-0e17-4578-b9d6-da3476449305,il-mugla,Muğla,Muğla,,"Muğla, Türkiye",,,,37.215374,28.363394,Google Maps (otomatik),"Muğla, 48000 Menteşe/Muğla, Türkiye",APPROXIMATE,LOWER_PRECISION,UPDATED,,
be8faa33-05bd-4036-8555-da0286bfaf61,il-mus,Muş,Muş,,"Muş, Türkiye",,,,38.734561,41.491038,Google Maps (otomatik),"Muş, Muş Merkez/Muş, Türkiye",APPROXIMATE,LOWER_PRECISION,UPDATED,,
166a8de4-7380-4305-ae2e-8b8c5c2285c3,il-nevsehir,Nevşehir,Nevşehir,,"Nevşehir, Türkiye",,,,38.624694,34.714151,Google Maps (otomatik),"Nevşehir, Nevşehir Merkez/Nevşehir, Türkiye",APPROXIMATE,LOWER_PRECISION,UPDATED,,
94682456-e8b8-4f2e-b6db-48a2819f96d4,il-nigde,Niğde,Niğde,,"Niğde, Türkiye",,,,37.969774,34.676608,Google Maps (otomatik),"Niğde, Niğde Merkez/Niğde, Türkiye",APPROXIMATE,LOWER_PRECISION,UPDATED,,
abb9543c-75a5-4151-9172-39c8aee817c4,il-ordu,Ordu,Ordu,,"Ordu, Türkiye",,,,40.986166,37.879721,Google Maps (otomatik),"Ordu, Altınordu/Ordu, Türkiye",APPROXIMATE,LOWER_PRECISION,UPDATED,,
de1ab8d0-0f0d-41be-8f5f-9c0ab9b55183,ortakoy,Ortaköy,İstanbul,Beşiktaş,"Ortaköy, Beşiktaş, İstanbul, Türkiye",,,,41.0539703,29.0270806,Google Maps (otomatik),"Ortaköy, Beşiktaş/İstanbul, Türkiye",APPROXIMATE,LOWER_PRECISION,UPDATED,,
3976cf1b-427d-440e-8519-003251295dc0,il-osmaniye,Osmaniye,Osmaniye,,"Osmaniye, Türkiye",,,,37.0746279,36.2464002,Google Maps (otomatik),"Osmaniye, Osmaniye Merkez/Osmaniye, Türkiye",APPROXIMATE,LOWER_PRECISION,UPDATED,,
dcb6585f-7d30-4bc4-a074-864f60a4dc4c,pendik,Pendik,İstanbul,Pendik,"Pendik, İstanbul, Türkiye",,,,40.9847981,29.3482646,Google Maps (otomatik),"Pendik/İstanbul, Türkiye",APPROXIMATE,LOWER_PRECISION,UPDATED,,
ca695f66-d011-471e-8eb9-f057641605cb,il-rize,Rize,Rize,,"Rize, Türkiye",,,,41.025511,40.517666,Google Maps (otomatik),"Rize, Rize Merkez/Rize, Türkiye",APPROXIMATE,LOWER_PRECISION,UPDATED,,
f68a05cf-4ae4-40e7-88f8-f5eb1afca54d,saw-sabiha-gokcen,Sabiha Gökçen Havalimanı (SAW),İstanbul,,"Sabiha Gökçen Havalimanı (SAW), İstanbul, Türkiye",,,,40.8944747,29.3130928,Google Maps (otomatik),"İstanbul Sabiha Gökçen Uluslararası Havalimanı (SAW), Sanayi, 34906 Pendik/İstanbul, Türkiye",GEOMETRIC_CENTER,LOWER_PRECISION,UPDATED,,
235f20e6-322b-4851-82c2-6085732910a0,il-sakarya,Sakarya,Sakarya,,"Sakarya, Türkiye",,,,40.7730743,30.3948169,Google Maps (otomatik),"Sakarya, Türkiye",APPROXIMATE,LOWER_PRECISION,UPDATED,,
73a73a15-1724-4472-b679-89a78fddd47d,il-samsun,Samsun,Samsun,,"Samsun, Türkiye",,,,41.2797031,36.3360667,Google Maps (otomatik),"Samsun, Türkiye",APPROXIMATE,LOWER_PRECISION,UPDATED,,
f1b3e034-2d28-4d98-a94b-46549e6cd38d,sancaktepe,Sancaktepe,İstanbul,Sancaktepe,"Sancaktepe, İstanbul, Türkiye",,,,41.0287028,29.2901829,Google Maps (otomatik),"Sancaktepe/İstanbul, Türkiye",APPROXIMATE,LOWER_PRECISION,UPDATED,,
38798e8a-0c22-4530-b691-86dba533fde5,sariyer,Sarıyer,İstanbul,Sarıyer,"Sarıyer, İstanbul, Türkiye",,,,41.1814742,29.0385466,Google Maps (otomatik),"Sarıyer/İstanbul, Türkiye",APPROXIMATE,LOWER_PRECISION,UPDATED,,
81a47ba1-1d8e-4e11-b0e6-ff9bab401e5b,il-siirt,Siirt,Siirt,,"Siirt, Türkiye",,,,37.927404,41.94197800000001,Google Maps (otomatik),"Siirt, Siirt Merkez/Siirt, Türkiye",APPROXIMATE,LOWER_PRECISION,UPDATED,,
93f2d927-bcfc-4cdf-a6d5-c15894da346f,silivri,Silivri,İstanbul,Silivri,"Silivri, İstanbul, Türkiye",,,,41.073678,28.247868,Google Maps (otomatik),"Silivri, İstanbul, Türkiye",APPROXIMATE,LOWER_PRECISION,UPDATED,,
bf37e56e-f61f-4a0a-9a58-942ddde6f3a6,il-sinop,Sinop,Sinop,,"Sinop, Türkiye",,,,42.02797400000001,35.151725,Google Maps (otomatik),"Sinop, Sinop Merkez/Sinop, Türkiye",APPROXIMATE,LOWER_PRECISION,UPDATED,,
58add9e9-ee55-4ec3-a3d2-133f91ec2552,sirkeci,Sirkeci,İstanbul,,"Sirkeci, İstanbul, Türkiye",,,,41.0148765,28.9755511,Google Maps (otomatik),"Sirkeci, Hobyar, 34112 Fatih/İstanbul, Türkiye",APPROXIMATE,LOWER_PRECISION,UPDATED,,
b67122fb-bb25-42ca-891e-a1ff528694ca,il-sivas,Sivas,Sivas,,"Sivas, Türkiye",,,,39.750545,37.0150217,Google Maps (otomatik),"Sivas, Sivas Merkez/Sivas, Türkiye",APPROXIMATE,LOWER_PRECISION,UPDATED,,
b282aa0d-3a54-4024-8401-f5b6dbee05dd,sultanahmet-meydani,Sultanahmet Meydanı,İstanbul,Fatih,"Sultanahmet Meydanı, Fatih, İstanbul, Türkiye",,,,41.0063286,28.9757051,Google Maps (otomatik),"Sultanahmet Meydanı, Binbirdirek, Sultan Ahmet Parkı No:2, 34122 Fatih/İstanbul, Türkiye",ROOFTOP,HIGH,UPDATED,,
01ed287f-c88e-4c67-91ff-31493ed55d27,sultanbeyli,Sultanbeyli,İstanbul,Sultanbeyli,"Sultanbeyli, İstanbul, Türkiye",,,,40.968423,29.262008,Google Maps (otomatik),"Sultanbeyli, İstanbul, Türkiye",APPROXIMATE,LOWER_PRECISION,UPDATED,,
21c1c74d-d0ab-4091-b16f-0d72f09048be,sultangazi,Sultangazi,İstanbul,Sultangazi,"Sultangazi, İstanbul, Türkiye",,,,41.1255794,28.8713314,Google Maps (otomatik),"Sultangazi/İstanbul, Türkiye",APPROXIMATE,LOWER_PRECISION,UPDATED,,
296af085-9237-4244-9632-2f4255345f47,taksim-meydani,Taksim Meydanı,İstanbul,Beyoğlu,"Taksim Meydanı, Beyoğlu, İstanbul, Türkiye",,,,41.0370023,28.9850917,Google Maps (otomatik),"Taksim Meydanı, Kocatepe, 34435 Beyoğlu/İstanbul, Türkiye",APPROXIMATE,LOWER_PRECISION,UPDATED,,
dabbbbef-6a44-4cea-acc6-c4ea181506c4,il-tekirdag,Tekirdağ,Tekirdağ,,"Tekirdağ, Türkiye",,,,40.9780919,27.511674,Google Maps (otomatik),"Tekirdağ, Süleymanpaşa/Tekirdağ, Türkiye",APPROXIMATE,LOWER_PRECISION,UPDATED,,
49c2a9c2-8825-469b-ba22-849a3ed2929a,il-tokat,Tokat,Tokat,,"Tokat, Türkiye",,,,40.3234643,36.5521928,Google Maps (otomatik),"Tokat, Tokat Merkez/Tokat, Türkiye",APPROXIMATE,LOWER_PRECISION,UPDATED,,
bfeb2555-eaa2-4891-8758-c8977b020e07,topkapi-sarayi,Topkapı Sarayı,İstanbul,Fatih,"Topkapı Sarayı, Fatih, İstanbul, Türkiye",,,,41.0115195,28.98337889999999,Google Maps (otomatik),"Cankurtaran, Babı Hümayun Cad No: 1, 34122 Fatih/İstanbul, Türkiye",ROOFTOP,HIGH,UPDATED,,
1fee762d-4d65-4357-bd2a-71c389d74853,il-trabzon,Trabzon,Trabzon,,"Trabzon, Türkiye",,,,41.0026969,39.7167633,Google Maps (otomatik),"Trabzon, Ortahisar/Trabzon, Türkiye",APPROXIMATE,LOWER_PRECISION,UPDATED,,
5474eb68-85c9-409c-bb44-0281463f19bd,il-tunceli,Tunceli,Tunceli,,"Tunceli, Türkiye",,,,39.10617,39.548259,Google Maps (otomatik),"Tunceli, Tunceli Merkez/Tunceli, Türkiye",APPROXIMATE,LOWER_PRECISION,UPDATED,,
8577ccf2-e3f2-4299-8188-6ef0ea54811c,tuzla,Tuzla,İstanbul,Tuzla,"Tuzla, İstanbul, Türkiye",,,,40.8982305,29.3598782,Google Maps (otomatik),"Tuzla/İstanbul, Türkiye",APPROXIMATE,LOWER_PRECISION,UPDATED,,
75c0ec1e-2c4e-4f9e-81c3-167c4838b7ce,il-usak,Uşak,Uşak,,"Uşak, Türkiye",,,,38.6742286,29.4058825,Google Maps (otomatik),"Uşak, Uşak Merkez/Uşak, Türkiye",APPROXIMATE,LOWER_PRECISION,UPDATED,,
65e5720d-5aab-44a2-940f-5e45f1acd5b0,il-van,Van,Van,,"Van, Türkiye",,,,38.5012085,43.3729793,Google Maps (otomatik),"Van, Türkiye",APPROXIMATE,LOWER_PRECISION,UPDATED,,
3fc970e8-053e-40b1-898b-3deb8d52543a,il-yalova,Yalova,Yalova,,"Yalova, Türkiye",,,,40.654895,29.284186,Google Maps (otomatik),"Yalova, Yalova Merkez/Yalova, Türkiye",APPROXIMATE,LOWER_PRECISION,UPDATED,,
c2645a57-db7a-4051-a094-2c59bbbc0ae0,il-yozgat,Yozgat,Yozgat,,"Yozgat, Türkiye",,,,39.821049,34.808573,Google Maps (otomatik),"Yozgat, Yozgat Merkez/Yozgat, Türkiye",APPROXIMATE,LOWER_PRECISION,UPDATED,,
0dff4fe3-5a25-49a7-bbba-9c03713cb530,zeytinburnu,Zeytinburnu,İstanbul,Zeytinburnu,"Zeytinburnu, İstanbul, Türkiye",,,,40.990635,28.89614,Google Maps (otomatik),"Zeytinburnu, Sümer, 34025 Zeytinburnu/İstanbul, Türkiye",APPROXIMATE,LOWER_PRECISION,UPDATED,,
f8e1ee82-6a4a-4665-8d69-fdd2a2912aa6,il-zonguldak,Zonguldak,Zonguldak,,"Zonguldak, Türkiye",,,,41.45352099999999,31.78938,Google Maps (otomatik),"Zonguldak, Zonguldak Merkez/Zonguldak, Türkiye",APPROXIMATE,LOWER_PRECISION,UPDATED,,
fe52006e-36c4-420f-91a4-92dd89001e97,il-canakkale,Çanakkale,Çanakkale,,"Çanakkale, Türkiye",,,,40.14671999999999,26.408587,Google Maps (otomatik),"Çanakkale, Çanakkale Merkez/Çanakkale, Türkiye",APPROXIMATE,LOWER_PRECISION,UPDATED,,
c4c9ce0f-5b81-448e-a0dd-27aa4f39a8ba,il-cankiri,Çankırı,Çankırı,,"Çankırı, Türkiye",,,,40.600207,33.616223,Google Maps (otomatik),"Çankırı, Çankırı Merkez/Çankırı, Türkiye",APPROXIMATE,LOWER_PRECISION,UPDATED,,
f2e5d61b-f388-49f9-9926-ba933ada96ab,catalca,Çatalca,İstanbul,Çatalca,"Çatalca, İstanbul, Türkiye",,,,41.142259,28.457469,Google Maps (otomatik),"Çatalca, İstanbul, Türkiye",APPROXIMATE,LOWER_PRECISION,UPDATED,,
f82fdf9e-73c6-46a1-aa61-b7647076fb74,cekmekoy,Çekmeköy,İstanbul,Çekmeköy,"Çekmeköy, İstanbul, Türkiye",,,,41.104235,29.3177272,Google Maps (otomatik),"Çekmeköy/İstanbul, Türkiye",APPROXIMATE,LOWER_PRECISION,UPDATED,,
2e8fd9dd-aa5e-46b6-bf46-f0bd123c9a83,il-corum,Çorum,Çorum,,"Çorum, Türkiye",,,,40.54992560000001,34.9537242,Google Maps (otomatik),"Çorum, Çorum Merkez/Çorum, Türkiye",APPROXIMATE,LOWER_PRECISION,UPDATED,,
fcaf9d3a-3b72-40ef-b830-efdfc9e082c1,umraniye,Ümraniye,İstanbul,Ümraniye,"Ümraniye, İstanbul, Türkiye",,,,41.0182327,29.1274334,Google Maps (otomatik),"Ümraniye/İstanbul, Türkiye",APPROXIMATE,LOWER_PRECISION,UPDATED,,
0862c5e5-68be-4648-9e6d-b4c715edd54e,uskudar,Üsküdar,İstanbul,Üsküdar,"Üsküdar, İstanbul, Türkiye",,,,41.0189417,29.0576298,Google Maps (otomatik),"Üsküdar/İstanbul, Türkiye",APPROXIMATE,LOWER_PRECISION,UPDATED,,
a3574c8a-abca-4858-81ec-482f83a71efb,il-istanbul,İstanbul,İstanbul,,"İstanbul, Türkiye",,,,41.0082376,28.9783589,Google Maps (otomatik),"İstanbul, Türkiye",APPROXIMATE,LOWER_PRECISION,UPDATED,,
ec3d9952-340f-4f2d-b185-50800ae9f5d8,ist-havalimani,İstanbul Havalimanı (IST),İstanbul,,"İstanbul Havalimanı (IST), İstanbul, Türkiye",,,,41.2761476,28.7287349,Google Maps (otomatik),"Istanbul Arpt (IST), Tayakadın, Terminal Caddesi No:1, 34283 Arnavutköy/İstanbul, Türkiye",ROOFTOP,HIGH,UPDATED,,
9bc1cebf-548e-4acb-bb08-078606bb8737,istiklal-caddesi,İstiklal Caddesi,İstanbul,Beyoğlu,"İstiklal Caddesi, Beyoğlu, İstanbul, Türkiye",,,,41.0337874,28.9779527,Google Maps (otomatik),"İstiklal Cd., Beyoğlu/İstanbul, Türkiye",GEOMETRIC_CENTER,LOWER_PRECISION,UPDATED,,
1a271c67-953a-434f-aaf6-e0007bfb0f4c,il-izmir,İzmir,İzmir,,"İzmir, Türkiye",,,,38.423734,27.142826,Google Maps (otomatik),"İzmir, Türkiye",APPROXIMATE,LOWER_PRECISION,UPDATED,,
dccc8d07-c4ba-42bd-a598-079d2f35d0ae,il-sanliurfa,Şanlıurfa,Şanlıurfa,,"Şanlıurfa, Türkiye",,,,37.1674039,38.7955149,Google Maps (otomatik),"Şanlıurfa, Türkiye",APPROXIMATE,LOWER_PRECISION,UPDATED,,
63984f00-c8c6-4a19-86c3-fd43f4d18a0f,sile,Şile,İstanbul,Şile,"Şile, İstanbul, Türkiye",,,,41.174903,29.609588,Google Maps (otomatik),"Şile, İstanbul, Türkiye",APPROXIMATE,LOWER_PRECISION,UPDATED,,
c35cdf15-ec6c-4338-b9d4-de33a3d6f684,sisli,Şişli,İstanbul,Şişli,"Şişli, İstanbul, Türkiye",,,,41.0536216,28.9819731,Google Maps (otomatik),"Şişli/İstanbul, Türkiye",APPROXIMATE,LOWER_PRECISION,UPDATED,,
373594ad-61e6-49a2-8524-c95ed38fb7c7,il-sirnak,Şırnak,Şırnak,,"Şırnak, Türkiye",,,,37.518974,42.453714,Google Maps (otomatik),"Şırnak, Şırnak Merkez/Şırnak, Türkiye",APPROXIMATE,LOWER_PRECISION,UPDATED,,
